Time,J0,J1,J2,J3,J4
7.152557373046875e-07,0.0,0.0,0.0,0.0,0.0
0.03036212921142578,0.0,0.0,0.0,0.0,0.0
0.030413389205932617,0.0,0.0,0.0,0.0,0.0
0.03043341636657715,0.0,0.0,0.0,0.0,0.0
0.030450105667114258,0.0,0.0,0.0,0.0,0.0
0.03046560287475586,0.0,0.0,0.0,0.0,0.0
0.030480384826660156,0.0,0.0,0.0,0.0,0.0
0.030495166778564453,0.0,0.0,0.0,0.0,0.0
0.030509471893310547,0.0,0.0,0.0,0.0,0.0
0.0330958366394043,0.0,0.0,0.0,0.0,0.0
0.033128976821899414,0.0,0.0,0.0,0.0,0.0
0.03314828872680664,0.0,0.0,0.0,0.0,0.0
0.033164024353027344,0.0,0.0,0.0,0.0,0.0
0.03317975997924805,0.0,0.0,0.0,0.0,0.0
0.033194541931152344,0.0,0.0,0.0,0.0,0.0
0.03320884704589844,0.0,0.0,0.0,0.0,0.0
0.03322315216064453,0.0,0.0,0.0,0.0,0.0
0.033240556716918945,0.0,0.0,0.0,0.0,0.0
0.05096769332885742,0.0,0.0,0.0,0.0,0.0
0.051019906997680664,0.0,0.0,0.0,0.0,0.0
0.05103921890258789,0.0,0.0,0.0,0.0,0.0
0.0510556697845459,0.0,0.0,0.0,0.0,0.0
0.0510709285736084,0.0,0.0,0.0,0.0,0.0
0.05108523368835449,0.0,0.0,0.0,0.0,0.0
0.05109977722167969,0.0,0.0,0.0,0.0,0.0
0.05111408233642578,0.0,0.0,0.0,0.0,0.0
0.0671083927154541,0.0,0.0,0.0,0.0,0.0
0.06727933883666992,0.0,0.0,0.0,0.0,0.0
0.06737279891967773,0.0,0.0,0.0,0.0,0.0
0.06745076179504395,0.0,0.0,0.0,0.0,0.0
0.06752490997314453,0.0,0.0,0.0,0.0,0.0
0.0675966739654541,0.0,0.0,0.0,0.0,0.0
0.06766724586486816,0.0,0.0,0.0,0.0,0.0
0.06773757934570312,0.0,0.0,0.0,0.0,0.0
0.08412384986877441,0.0,0.0,0.0,0.0,0.0
0.08430147171020508,0.0,0.0,0.0,0.0,0.0
0.0843961238861084,0.0,0.0,0.0,0.0,0.0
0.08447623252868652,0.0,0.0,0.0,0.0,0.0
0.08455014228820801,0.0,0.0,0.0,0.0,0.0
0.08462285995483398,0.0,0.0,0.0,0.0,0.0
0.08469390869140625,0.0,0.0,0.0,0.0,0.0
0.08476543426513672,0.0,0.0,0.0,0.0,0.0
0.10089492797851562,0.0,0.0,0.0,0.0,0.0
0.10108232498168945,0.0,0.0,0.0,0.0,0.0
0.10117673873901367,0.0,0.0,0.0,0.0,0.0
0.1012566089630127,0.0,0.0,0.0,0.0,0.0
0.10133123397827148,0.0,0.0,0.0,0.0,0.0
0.10140395164489746,0.0,0.0,0.0,0.0,0.0
0.10147619247436523,0.0,0.0,0.0,0.0,0.0
0.1015472412109375,0.0,0.0,0.0,0.0,0.0
0.10161900520324707,0.0,0.0,0.0,0.0,0.0
0.11745476722717285,0.0,0.0,0.0,0.0,0.0
0.11762452125549316,0.0,0.0,0.0,0.0,0.0
0.11775898933410645,0.0,0.0,0.0,0.0,0.0
0.1178443431854248,0.0,0.0,0.0,0.0,0.0
0.11792302131652832,0.0,0.0,0.0,0.0,0.0
0.11799883842468262,0.0,0.0,0.0,0.0,0.0
0.1180729866027832,0.0,0.0,0.0,0.0,0.0
0.11825442314147949,0.0,0.0,0.0,0.0,0.0
0.1340320110321045,0.0,0.0,0.0,0.0,0.0
0.1342027187347412,0.0,0.0,0.0,0.0,0.0
0.13440608978271484,0.0,0.0,0.0,0.0,0.0
0.13454961776733398,0.0,0.0,0.0,0.0,0.0
0.13463664054870605,0.0,0.0,0.0,0.0,0.0
0.13471269607543945,0.0,0.0,0.0,0.0,0.0
0.13478612899780273,0.0,0.0,0.0,0.0,0.0
0.13485932350158691,0.0,0.0,0.0,0.0,0.0
0.1506946086883545,0.0,0.0,0.0,0.0,0.0
0.15087032318115234,0.0,0.0,0.0,0.0,0.0
0.15096545219421387,0.0,0.0,0.0,0.0,0.0
0.1510453224182129,0.0,0.0,0.0,0.0,0.0
0.15111970901489258,0.0,0.0,0.0,0.0,0.0
0.15119171142578125,0.0,0.0,0.0,0.0,0.0
0.15126347541809082,0.0,0.0,0.0,0.0,0.0
0.1513350009918213,0.0,0.0,0.0,0.0,0.0
0.16706037521362305,0.0,0.0,0.0,0.0,0.0
0.16723966598510742,0.0,0.0,0.0,0.0,0.0
0.16733646392822266,0.0,0.0,0.0,0.0,0.0
0.16741633415222168,0.0,0.0,0.0,0.0,0.0
0.16749119758605957,0.0,0.0,0.0,0.0,0.0
0.16756391525268555,0.0,0.0,0.0,0.0,0.0
0.16763615608215332,0.0,0.0,0.0,0.0,0.0
0.1677091121673584,0.0,0.0,0.0,0.0,0.0
0.18375492095947266,0.0,0.0,0.0,0.0,0.0
0.18393445014953613,0.0,0.0,0.0,0.0,0.0
0.18403077125549316,0.0,0.0,0.0,0.0,0.0
0.1841108798980713,0.0,0.0,0.0,0.0,0.0
0.18418622016906738,0.0,0.0,0.0,0.0,0.0
0.18425941467285156,0.0,0.0,0.0,0.0,0.0
0.18433165550231934,0.0,0.0,0.0,0.0,0.0
0.1844029426574707,0.0,0.0,0.0,0.0,0.0
0.2006373405456543,0.0,0.0,0.0,0.0,0.0
0.20081615447998047,0.0,0.0,0.0,0.0,0.0
0.2009134292602539,0.0,0.0,0.0,0.0,0.0
0.20099520683288574,0.0,0.0,0.0,0.0,0.0
0.20107197761535645,0.0,0.0,0.0,0.0,0.0
0.20114660263061523,0.0,0.0,0.0,0.0,0.0
0.20122027397155762,0.0,0.0,0.0,0.0,0.0
0.2012932300567627,0.0,0.0,0.0,0.0,0.0
0.217179536819458,0.0,0.0,0.0,0.0,0.0
0.21735286712646484,0.0,0.0,0.0,0.0,0.0
0.21744775772094727,0.0,0.0,0.0,0.0,0.0
0.21752691268920898,0.0,0.0,0.0,0.0,0.0
0.21760034561157227,0.0,0.0,0.0,0.0,0.0
0.21770739555358887,0.0,0.0,0.0,0.0,0.0
0.21778416633605957,0.0,0.0,0.0,0.0,0.0
0.21785521507263184,0.0,0.0,0.0,0.0,0.0
0.23398375511169434,0.0,0.0,0.0,0.0,0.0
0.23415637016296387,0.0,0.0,0.0,0.0,0.0
0.2342541217803955,0.0,0.0,0.0,0.0,0.0
0.23436951637268066,0.0,0.0,0.0,0.0,0.0
0.2344510555267334,0.0,0.0,0.0,0.0,0.0
0.2345263957977295,0.0,0.0,0.0,0.0,0.0
0.23459935188293457,0.0,0.0,0.0,0.0,0.0
0.23467278480529785,0.0,0.0,0.0,0.0,0.0
0.23474526405334473,0.0,0.0,0.0,0.0,0.0
0.250732421875,0.0,0.0,0.0,0.0,0.0
0.25090646743774414,0.0,0.0,0.0,0.0,0.0
0.25100159645080566,0.0,0.0,0.0,0.0,0.0
0.2510814666748047,0.0,0.0,0.0,0.0,0.0
0.2511563301086426,0.0,0.0,0.0,0.0,0.0
0.25122904777526855,0.0,0.0,0.0,0.0,0.0
0.2513010501861572,0.0,0.0,0.0,0.0,0.0
0.2513723373413086,0.0,0.0,0.0,0.0,0.0
0.2671680450439453,0.0,0.0,0.0,0.0,0.0
0.26734113693237305,0.0,0.0,0.0,0.0,0.0
0.2674367427825928,0.0,0.0,0.0,0.0,0.0
0.2675175666809082,0.0,0.0,0.0,0.0,0.0
0.2675919532775879,0.0,0.0,0.0,0.0,0.0
0.2676670551300049,0.0,0.0,0.0,0.0,0.0
0.26773858070373535,0.0,0.0,0.0,0.0,0.0
0.2678098678588867,0.0,0.0,0.0,0.0,0.0
0.2837514877319336,0.0,0.0,0.0,0.0,0.0
0.28392887115478516,0.0,0.0,0.0,0.0,0.0
0.28402280807495117,0.0,0.0,0.0,0.0,0.0
0.2841012477874756,0.0,0.0,0.0,0.0,0.0
0.2841768264770508,0.0,0.0,0.0,0.0,0.0
0.28425073623657227,0.0,0.0,0.0,0.0,0.0
0.28432297706604004,0.0,0.0,0.0,0.0,0.0
0.2843945026397705,0.0,0.0,0.0,0.0,0.0
0.3005671501159668,0.0,0.0,0.0,0.0,0.0
0.30074071884155273,0.0,0.0,0.0,0.0,0.0
0.30083489418029785,0.0,0.0,0.0,0.0,0.0
0.3009154796600342,0.0,0.0,0.0,0.0,0.0
0.30098986625671387,0.0,0.0,0.0,0.0,0.0
0.30106377601623535,0.0,0.0,0.0,0.0,0.0
0.30113649368286133,0.0,0.0,0.0,0.0,0.0
0.3012082576751709,0.0,0.0,0.0,0.0,0.0
0.3174428939819336,0.0,0.0,0.0,0.0,0.0
0.31761884689331055,0.0,0.0,0.0,0.0,0.0
0.317765474319458,0.0,0.0,0.0,0.0,0.0
0.31784820556640625,0.0,0.0,0.0,0.0,0.0
0.3179287910461426,0.0,0.0,0.0,0.0,0.0
0.31800413131713867,0.0,0.0,0.0,0.0,0.0
0.31807732582092285,0.0,0.0,0.0,0.0,0.0
0.3181495666503906,0.0,0.0,0.0,0.0,0.0
0.33405137062072754,0.0,0.0,0.0,0.0,0.0
0.3342280387878418,0.0,0.0,0.0,0.0,0.0
0.3343238830566406,0.0,0.0,0.0,0.0,0.0
0.33440399169921875,0.0,0.0,0.0,0.0,0.0
0.33447885513305664,0.0,0.0,0.0,0.0,0.0
0.334552526473999,0.0,0.0,0.0,0.0,0.0
0.3346245288848877,0.0,0.0,0.0,0.0,0.0
0.33469676971435547,0.0,0.0,0.0,0.0,0.0
0.35103797912597656,0.0,0.0,0.0,0.0,0.0
0.35121607780456543,0.0,0.0,0.0,0.0,0.0
0.35130929946899414,0.0,0.0,0.0,0.0,0.0
0.35138821601867676,0.0,0.0,0.0,0.0,0.0
0.35146212577819824,0.0,0.0,0.0,0.0,0.0
0.3515338897705078,0.0,0.0,0.0,0.0,0.0
0.3516049385070801,0.0,0.0,0.0,0.0,0.0
0.35167551040649414,0.0,0.0,0.0,0.0,0.0
0.36720967292785645,0.0,0.0,0.0,0.0,0.0
0.3673849105834961,0.0,0.0,0.0,0.0,0.0
0.367480993270874,0.0,0.0,0.0,0.0,0.0
0.36756086349487305,0.0,0.0,0.0,0.0,0.0
0.36763548851013184,0.0,0.0,0.0,0.0,0.0
0.3677103519439697,0.0,0.0,0.0,0.0,0.0
0.3677859306335449,0.0,0.0,0.0,0.0,0.0
0.3678593635559082,0.0,0.0,0.0,0.0,0.0
0.38410043716430664,0.0,0.0,0.0,0.0,0.0
0.3842742443084717,0.0,0.0,0.0,0.0,0.0
0.3843679428100586,0.0,0.0,0.0,0.0,0.0
0.3844468593597412,0.0,0.0,0.0,0.0,0.0
0.3845200538635254,0.0,0.0,0.0,0.0,0.0
0.3846142292022705,0.0,0.0,0.0,0.0,0.0
0.3848576545715332,0.0,0.0,0.0,0.0,0.0
0.3849468231201172,0.0,0.0,0.0,0.0,0.0
0.4009408950805664,0.0,0.0,0.0,0.0,0.0
0.40111374855041504,0.0,0.0,0.0,0.0,0.0
0.40120935440063477,0.0,0.0,0.0,0.0,0.0
0.4012892246246338,0.0,0.0,0.0,0.0,0.0
0.40136241912841797,0.0,0.0,0.0,0.0,0.0
0.40143465995788574,0.0,0.0,0.0,0.0,0.0
0.4015069007873535,0.0,0.0,0.0,0.0,0.0
0.4015781879425049,0.0,0.0,0.0,0.0,0.0
0.4173877239227295,0.0,0.0,0.0,0.0,0.0
0.4175605773925781,0.0,0.0,0.0,0.0,0.0
0.4176795482635498,0.0,0.0,0.0,0.0,0.0
0.417766809463501,0.0,0.0,0.0,0.0,0.0
0.41784191131591797,0.0,0.0,0.0,0.0,0.0
0.4180314540863037,0.0,0.0,0.0,0.0,0.0
0.41813063621520996,0.0,0.0,0.0,0.0,0.0
0.43395113945007324,0.0,0.0,0.0,0.0,0.0
0.4341390132904053,0.0,0.0,0.0,0.0,0.0
0.434234619140625,0.0,0.0,0.0,0.0,0.0
0.43431568145751953,0.0,0.0,0.0,0.0,0.0
0.4343905448913574,0.0,0.0,0.0,0.0,0.0
0.4344792366027832,0.0,0.0,0.0,0.0,0.0
0.4345555305480957,0.0,0.0,0.0,0.0,0.0
0.4346275329589844,0.0,0.0,0.0,0.0,0.0
0.45081019401550293,0.0,0.0,0.0,0.0,0.0
0.45099472999572754,0.0,0.0,0.0,0.0,0.0
0.4510946273803711,0.0,0.0,0.0,0.0,0.0
0.45117735862731934,0.0,0.0,0.0,0.0,0.0
0.45125317573547363,0.0,0.0,0.0,0.0,0.0
0.4513263702392578,0.0,0.0,0.0,0.0,0.0
0.4513981342315674,0.0,0.0,0.0,0.0,0.0
0.45147013664245605,0.0,0.0,0.0,0.0,0.0
0.4655940532684326,0.0,0.0,0.0,0.0,0.0
0.4657139778137207,0.0,0.0,0.0,0.0,0.0
0.46576547622680664,0.0,0.0,0.0,0.0,0.0
0.4658074378967285,0.0,0.0,0.0,0.0,0.0
0.46584653854370117,0.0,0.0,0.0,0.0,0.0
0.4658849239349365,0.0,0.0,0.0,0.0,0.0
0.46592235565185547,0.0,0.0,0.0,0.0,0.0
0.4659593105316162,0.0,0.0,0.0,0.0,0.0
0.4822349548339844,0.0,0.0,0.0,0.0,0.0
0.4823124408721924,0.0,0.0,0.0,0.0,0.0
0.48233675956726074,0.0,0.0,0.0,0.0,0.0
0.4823577404022217,0.0,0.0,0.0,0.0,0.0
0.482377290725708,0.0,0.0,0.0,0.0,0.0
0.48239588737487793,0.0,0.0,0.0,0.0,0.0
0.48241472244262695,0.0,0.0,0.0,0.0,0.0
0.4824330806732178,0.0,0.0,0.0,0.0,0.0
0.4989352226257324,0.0,0.0,0.0,0.0,0.0
0.4989945888519287,0.0,0.0,0.0,0.0,0.0
0.49901890754699707,0.0,0.0,0.0,0.0,0.0
0.4990394115447998,0.0,0.0,0.0,0.0,0.0
0.49905872344970703,0.0,0.0,0.0,0.0,0.0
0.49907755851745605,0.0,0.0,0.0,0.0,0.0
0.4990956783294678,0.0,0.0,0.0,0.0,0.0
0.4991140365600586,0.0,0.0,0.0,0.0,0.0
0.5156173706054688,0.0,0.0,0.0,0.0,0.0
0.5156810283660889,0.0,0.0,0.0,0.0,0.0
0.5157079696655273,0.0,0.0,0.0,0.0,0.0
0.5157308578491211,0.0,0.0,0.0,0.0,0.0
0.515751838684082,0.0,0.0,0.0,0.0,0.0
0.5157725811004639,0.0,0.0,0.0,0.0,0.0
0.5157930850982666,0.0,0.0,0.0,0.0,0.0
0.5158135890960693,0.0,0.0,0.0,0.0,0.0
0.5323729515075684,0.0,0.0,0.0,0.0,0.0
0.5324716567993164,0.0,0.0,0.0,0.0,0.0
0.5325183868408203,0.0,0.0,0.0,0.0,0.0
0.5325579643249512,0.0,0.0,0.0,0.0,0.0
0.5325946807861328,0.0,0.0,0.0,0.0,0.0
0.5326309204101562,0.0,0.0,0.0,0.0,0.0
0.5326669216156006,0.0,0.0,0.0,0.0,0.0
0.5327022075653076,0.0,0.0,0.0,0.0,0.0
0.5491375923156738,0.0,0.0,0.0,0.0,0.0
0.5492715835571289,0.0,0.0,0.0,0.0,0.0
0.5493428707122803,0.0,0.0,0.0,0.0,0.0
0.5494048595428467,0.0,0.0,0.0,0.0,0.0
0.5494644641876221,0.0,0.0,0.0,0.0,0.0
0.5495221614837646,0.0,0.0,0.0,0.0,0.0
0.5495798587799072,0.0,0.0,0.0,0.0,0.0
0.5496361255645752,0.0,0.0,0.0,0.0,0.0
0.5657968521118164,0.0,0.0,0.0,0.0,0.0
0.5659129619598389,0.0,0.0,0.0,0.0,0.0
0.565969705581665,0.0,0.0,0.0,0.0,0.0
0.5660176277160645,0.0,0.0,0.0,0.0,0.0
0.5660624504089355,0.0,0.0,0.0,0.0,0.0
0.5661056041717529,0.0,0.0,0.0,0.0,0.0
0.5661482810974121,0.0,0.0,0.0,0.0,0.0
0.5661900043487549,0.0,0.0,0.0,0.0,0.0
0.5824563503265381,0.0,0.0,0.0,0.0,0.0
0.5825750827789307,0.0,0.0,0.0,0.0,0.0
0.582634449005127,0.0,0.0,0.0,0.0,0.0
0.5826823711395264,0.0,0.0,0.0,0.0,0.0
0.5827269554138184,0.0,0.0,0.0,0.0,0.0
0.5827703475952148,0.0,0.0,0.0,0.0,0.0
0.5828132629394531,0.0,0.0,0.0,0.0,0.0
0.5828554630279541,0.0,0.0,0.0,0.0,0.0
0.600712776184082,0.0,0.0,0.0,0.0,0.0
0.6008498668670654,0.0,0.0,0.0,0.0,0.0
0.6009109020233154,0.0,0.0,0.0,0.0,0.0
0.6009602546691895,0.0,0.0,0.0,0.0,0.0
0.6010067462921143,0.0,0.0,0.0,0.0,0.0
0.6010510921478271,0.0,0.0,0.0,0.0,0.0
0.6010942459106445,0.0,0.0,0.0,0.0,0.0
0.6011371612548828,0.0,0.0,0.0,0.0,0.0
0.6176061630249023,0.0,0.0,0.0,0.0,0.0
0.6177511215209961,0.0,0.0,0.0,0.0,0.0
0.6178493499755859,0.0,0.0,0.0,0.0,0.0
0.6179232597351074,0.0,0.0,0.0,0.0,0.0
0.6179709434509277,0.0,0.0,0.0,0.0,0.0
0.6180150508880615,0.0,0.0,0.0,0.0,0.0
0.6180579662322998,0.0,0.0,0.0,0.0,0.0
0.6181008815765381,0.0,0.0,0.0,0.0,0.0
0.6341457366943359,0.0,0.0,0.0,0.0,0.0
0.6343047618865967,0.0,0.0,0.0,0.0,0.0
0.6343832015991211,0.0,0.0,0.0,0.0,0.0
0.6344480514526367,0.0,0.0,0.0,0.0,0.0
0.6345067024230957,0.0,0.0,0.0,0.0,0.0
0.6345632076263428,0.0,0.0,0.0,0.0,0.0
0.6346194744110107,0.0,0.0,0.0,0.0,0.0
0.6346750259399414,0.0,0.0,0.0,0.0,0.0
0.6508147716522217,0.0,0.0,0.0,0.0,0.0
0.6509914398193359,0.0,0.0,0.0,0.0,0.0
0.6510741710662842,0.0,0.0,0.0,0.0,0.0
0.6511373519897461,0.0,0.0,0.0,0.0,0.0
0.6511995792388916,0.0,0.0,0.0,0.0,0.0
0.6512582302093506,0.0,0.0,0.0,0.0,0.0
0.6513140201568604,0.0,0.0,0.0,0.0,0.0
0.6513698101043701,0.0,0.0,0.0,0.0,0.0
0.6675069332122803,0.0,0.0,0.0,0.0,0.0
0.6676928997039795,0.0,0.0,0.0,0.0,0.0
0.6677794456481934,0.0,0.0,0.0,0.0,0.0
0.667844295501709,0.0,0.0,0.0,0.0,0.0
0.6679036617279053,0.0,0.0,0.0,0.0,0.0
0.6679611206054688,0.0,0.0,0.0,0.0,0.0
0.6680171489715576,0.0,0.0,0.0,0.0,0.0
0.6680734157562256,0.0,0.0,0.0,0.0,0.0
0.6840341091156006,0.0,0.0,0.0,0.0,0.0
0.6842226982116699,0.0,0.0,0.0,0.0,0.0
0.6843109130859375,0.0,0.0,0.0,0.0,0.0
0.6843764781951904,0.0,0.0,0.0,0.0,0.0
0.6844358444213867,0.0,0.0,0.0,0.0,0.0
0.6844930648803711,0.0,0.0,0.0,0.0,0.0
0.6845498085021973,0.0,0.0,0.0,0.0,0.0
0.684605598449707,0.0,0.0,0.0,0.0,0.0
0.6846635341644287,0.0,0.0,0.0,0.0,0.0
0.70088791847229,0.0,0.0,0.0,0.0,0.0
0.7010762691497803,0.0,0.0,0.0,0.0,0.0
0.701162576675415,0.0,0.0,0.0,0.0,0.0
0.7012252807617188,0.0,0.0,0.0,0.0,0.0
0.7012848854064941,0.0,0.0,0.0,0.0,0.0
0.701340913772583,0.0,0.0,0.0,0.0,0.0
0.7013959884643555,0.0,0.0,0.0,0.0,0.0
0.7014505863189697,0.0,0.0,0.0,0.0,0.0
0.7174603939056396,0.0,0.0,0.0,0.0,0.0
0.7176563739776611,0.0,0.0,0.0,0.0,0.0
0.7177529335021973,0.0,0.0,0.0,0.0,0.0
0.7178194522857666,0.0,0.0,0.0,0.0,0.0
0.7178807258605957,0.0,0.0,0.0,0.0,0.0
0.7179391384124756,0.0,0.0,0.0,0.0,0.0
0.7179946899414062,0.0,0.0,0.0,0.0,0.0
0.7180514335632324,0.0,0.0,0.0,0.0,0.0
0.7342803478240967,0.0,0.0,0.0,0.0,0.0
0.73447585105896,0.0,0.0,0.0,0.0,0.0
0.7345671653747559,0.0,0.0,0.0,0.0,0.0
0.7346322536468506,0.0,0.0,0.0,0.0,0.0
0.7346911430358887,0.0,0.0,0.0,0.0,0.0
0.7347478866577148,0.0,0.0,0.0,0.0,0.0
0.7348084449768066,0.0,0.0,0.0,0.0,0.0
0.7348659038543701,0.0,0.0,0.0,0.0,0.0
0.7509922981262207,0.0,0.0,0.0,0.0,0.0
0.7511746883392334,0.0,0.0,0.0,0.0,0.0
0.7512567043304443,0.0,0.0,0.0,0.0,0.0
0.751319169998169,0.0,0.0,0.0,0.0,0.0
0.7513771057128906,0.0,0.0,0.0,0.0,0.0
0.7514321804046631,0.0,0.0,0.0,0.0,0.0
0.751488447189331,0.0,0.0,0.0,0.0,0.0
0.7515428066253662,0.0,0.0,0.0,0.0,0.0
0.7675466537475586,0.0,0.0,0.0,0.0,0.0
0.7677421569824219,0.0,0.0,0.0,0.0,0.0
0.7678303718566895,0.0,0.0,0.0,0.0,0.0
0.7678952217102051,0.0,0.0,0.0,0.0,0.0
0.7679529190063477,0.0,0.0,0.0,0.0,0.0
0.768010139465332,0.0,0.0,0.0,0.0,0.0
0.76806640625,0.0,0.0,0.0,0.0,0.0
0.7681217193603516,0.0,0.0,0.0,0.0,0.0
0.7841556072235107,0.0,0.0,0.0,0.0,0.0
0.7843372821807861,0.0,0.0,0.0,0.0,0.0
0.7844412326812744,0.0,0.0,0.0,0.0,0.0
0.7845075130462646,0.0,0.0,0.0,0.0,0.0
0.7845673561096191,0.0,0.0,0.0,0.0,0.0
0.7846245765686035,0.0,0.0,0.0,0.0,0.0
0.7846803665161133,0.0,0.0,0.0,0.0,0.0
0.784736156463623,0.0,0.0,0.0,0.0,0.0
0.8001718521118164,0.0,0.0,0.0,0.0,0.0
0.8003320693969727,0.0,0.0,0.0,0.0,0.0
0.8004498481750488,0.0,0.0,0.0,0.0,0.0
0.8005225658416748,0.0,0.0,0.0,0.0,0.0
0.8005824089050293,0.0,0.0,0.0,0.0,0.0
0.8006408214569092,0.0,0.0,0.0,0.0,0.0
0.8006978034973145,0.0,0.0,0.0,0.0,0.0
0.8007540702819824,0.0,0.0,0.0,0.0,0.0
0.8166940212249756,0.0,0.0,0.0,0.0,0.0
0.8168582916259766,0.0,0.0,0.0,0.0,0.0
0.8169610500335693,0.0,0.0,0.0,0.0,0.0
0.8170280456542969,0.0,0.0,0.0,0.0,0.0
0.8170857429504395,0.0,0.0,0.0,0.0,0.0
0.8171427249908447,0.0,0.0,0.0,0.0,0.0
0.8171982765197754,0.0,0.0,0.0,0.0,0.0
0.8172528743743896,0.0,0.0,0.0,0.0,0.0
0.8327345848083496,0.0,0.0,0.0,0.0,0.0
0.8328509330749512,0.0,0.0,0.0,0.0,0.0
0.8329250812530518,0.0,0.0,0.0,0.0,0.0
0.8329875469207764,0.0,0.0,0.0,0.0,0.0
0.8330447673797607,0.0,0.0,0.0,0.0,0.0
0.8331005573272705,0.0,0.0,0.0,0.0,0.0
0.8331558704376221,0.0,0.0,0.0,0.0,0.0
0.8332102298736572,0.0,0.0,0.0,0.0,0.0
0.8493664264678955,0.0,0.0,0.0,0.0,0.0
0.8494808673858643,0.0,0.0,0.0,0.0,0.0
0.8496551513671875,0.0,0.0,0.0,0.0,0.0
0.8497426509857178,0.0,0.0,0.0,0.0,0.0
0.8498039245605469,0.0,0.0,0.0,0.0,0.0
0.8498764038085938,0.0,0.0,0.0,0.0,0.0
0.8499805927276611,0.0,0.0,0.0,0.0,0.0
0.8500614166259766,0.0,0.0,0.0,0.0,0.0
0.8668437004089355,0.0,0.0,0.0,0.0,0.0
0.8669922351837158,0.0,0.0,0.0,0.0,0.0
0.8671154975891113,0.0,0.0,0.0,0.0,0.0
0.867189884185791,0.0,0.0,0.0,0.0,0.0
0.8672490119934082,0.0,0.0,0.0,0.0,0.0
0.8673062324523926,0.0,0.0,0.0,0.0,0.0
0.8673617839813232,0.0,0.0,0.0,0.0,0.0
0.8674182891845703,0.0,0.0,0.0,0.0,0.0
0.8836400508880615,0.0,0.0,0.0,0.0,0.0
0.8838362693786621,0.0,0.0,0.0,0.0,0.0
0.8839848041534424,0.0,0.0,0.0,0.0,0.0
0.8840756416320801,0.0,0.0,0.0,0.0,0.0
0.8841531276702881,0.0,0.0,0.0,0.0,0.0
0.8842289447784424,0.0,0.0,0.0,0.0,0.0
0.8843014240264893,0.0,0.0,0.0,0.0,0.0
0.884373664855957,0.0,0.0,0.0,0.0,0.0
0.9004545211791992,0.0,0.0,0.0,0.0,0.0
0.9006116390228271,0.0,0.0,0.0,0.0,0.0
0.9007105827331543,0.0,0.0,0.0,0.0,0.0
0.9007906913757324,0.0,0.0,0.0,0.0,0.0
0.9008653163909912,0.0,0.0,0.0,0.0,0.0
0.9009394645690918,0.0,0.0,0.0,0.0,0.0
0.9010109901428223,0.0,0.0,0.0,0.0,0.0
0.9010827541351318,0.0,0.0,0.0,0.0,0.0
0.9170129299163818,0.0,0.0,0.0,0.0,0.0
0.9171619415283203,0.0,0.0,0.0,0.0,0.0
0.9172570705413818,0.0,0.0,0.0,0.0,0.0
0.91733717918396,0.0,0.0,0.0,0.0,0.0
0.917412281036377,0.0,0.0,0.0,0.0,0.0
0.9174857139587402,0.0,0.0,0.0,0.0,0.0
0.9175572395324707,0.0,0.0,0.0,0.0,0.0
0.9176292419433594,0.0,0.0,0.0,0.0,0.0
0.9337356090545654,0.0,0.0,0.0,0.0,0.0
0.9338915348052979,0.0,0.0,0.0,0.0,0.0
0.9339869022369385,0.0,0.0,0.0,0.0,0.0
0.9340686798095703,0.0,0.0,0.0,0.0,0.0
0.9341461658477783,0.0,0.0,0.0,0.0,0.0
0.9342207908630371,0.0,0.0,0.0,0.0,0.0
0.9342937469482422,0.0,0.0,0.0,0.0,0.0
0.9343671798706055,0.0,0.0,0.0,0.0,0.0
0.951117753982544,0.0,0.0,0.0,0.0,0.0
0.9513201713562012,0.0,0.0,0.0,0.0,0.0
0.9514257907867432,0.0,0.0,0.0,0.0,0.0
0.9515101909637451,0.0,0.0,0.0,0.0,0.0
0.9515872001647949,0.0,0.0,0.0,0.0,0.0
0.9516611099243164,0.0,0.0,0.0,0.0,0.0
0.9517340660095215,0.0,0.0,0.0,0.0,0.0
0.9518065452575684,0.0,0.0,0.0,0.0,0.0
0.9670674800872803,0.0,0.0,0.0,0.0,0.0
0.9672825336456299,0.0,0.0,0.0,0.0,0.0
0.9674170017242432,0.0,0.0,0.0,0.0,0.0
0.9675037860870361,0.0,0.0,0.0,0.0,0.0
0.9675800800323486,0.0,0.0,0.0,0.0,0.0
0.9676547050476074,0.0,0.0,0.0,0.0,0.0
0.9677281379699707,0.0,0.0,0.0,0.0,0.0
0.9678030014038086,0.0,0.0,0.0,0.0,0.0
0.9838144779205322,0.0,0.0,0.0,0.0,0.0
0.9840319156646729,0.0,0.0,0.0,0.0,0.0
0.984196662902832,0.0,0.0,0.0,0.0,0.0
0.9843311309814453,0.0,0.0,0.0,0.0,0.0
0.9844176769256592,0.0,0.0,0.0,0.0,0.0
0.9844939708709717,0.0,0.0,0.0,0.0,0.0
0.9845671653747559,0.0,0.0,0.0,0.0,0.0
0.9846389293670654,0.0,0.0,0.0,0.0,0.0
1.000499963760376,0.0,0.0,0.0,0.0,0.0
1.0006978511810303,0.0,0.0,0.0,0.0,0.0
1.0008037090301514,0.0,0.0,0.0,0.0,0.0
1.000887393951416,0.0,0.0,0.0,0.0,0.0
1.0009641647338867,0.0,0.0,0.0,0.0,0.0
1.0010426044464111,0.0,0.0,0.0,0.0,0.0
1.0011169910430908,0.0,0.0,0.0,0.0,0.0
1.0011897087097168,0.0,0.0,0.0,0.0,0.0
1.0172243118286133,0.0,0.0,0.0,0.0,0.0
1.0174367427825928,0.0,0.0,0.0,0.0,0.0
1.0175583362579346,0.0,0.0,0.0,0.0,0.0
1.0176756381988525,0.0,0.0,0.0,0.0,0.0
1.0177693367004395,0.0,0.0,0.0,0.0,0.0
1.0178446769714355,0.0,0.0,0.0,0.0,0.0
1.0179181098937988,0.0,0.0,0.0,0.0,0.0
1.0179908275604248,0.0,0.0,0.0,0.0,0.0
1.0343403816223145,0.0,0.0,0.0,0.0,0.0
1.0344884395599365,0.0,0.0,0.0,0.0,0.0
1.0345823764801025,0.0,0.0,0.0,0.0,0.0
1.0346612930297852,0.0,0.0,0.0,0.0,0.0
1.0347363948822021,0.0,0.0,0.0,0.0,0.0
1.0348129272460938,0.0,0.0,0.0,0.0,0.0
1.0348880290985107,0.0,0.0,0.0,0.0,0.0
1.0349609851837158,0.0,0.0,0.0,0.0,0.0
1.0507216453552246,0.0,0.0,0.0,0.0,0.0
1.0508716106414795,0.0,0.0,0.0,0.0,0.0
1.0509681701660156,0.0,0.0,0.0,0.0,0.0
1.0510504245758057,0.0,0.0,0.0,0.0,0.0
1.0511260032653809,0.0,0.0,0.0,0.0,0.0
1.051198959350586,0.0,0.0,0.0,0.0,0.0
1.0512723922729492,0.0,0.0,0.0,0.0,0.0
1.0513436794281006,0.0,0.0,0.0,0.0,0.0
1.0671486854553223,0.0,0.0,0.0,0.0,0.0
1.0673539638519287,0.0,0.0,0.0,0.0,0.0
1.067488431930542,0.0,0.0,0.0,0.0,0.0
1.0675735473632812,0.0,0.0,0.0,0.0,0.0
1.067650556564331,0.0,0.0,0.0,0.0,0.0
1.0677251815795898,0.0,0.0,0.0,0.0,0.0
1.067798137664795,0.0,0.0,0.0,0.0,0.0
1.0841398239135742,0.0,0.0,0.0,0.0,0.0
1.08432936668396,0.0,0.0,0.0,0.0,0.0
1.0844306945800781,0.0,0.0,0.0,0.0,0.0
1.0845129489898682,0.0,0.0,0.0,0.0,0.0
1.084587812423706,0.0,0.0,0.0,0.0,0.0
1.0846612453460693,0.0,0.0,0.0,0.0,0.0
1.0847337245941162,0.0,0.0,0.0,0.0,0.0
1.0848057270050049,0.0,0.0,0.0,0.0,0.0
1.1005032062530518,0.0,0.0,0.0,0.0,0.0
1.1007080078125,0.0,0.0,0.0,0.0,0.0
1.1008408069610596,0.0,0.0,0.0,0.0,0.0
1.1009283065795898,0.0,0.0,0.0,0.0,0.0
1.1010055541992188,0.0,0.0,0.0,0.0,0.0
1.1010792255401611,0.0,0.0,0.0,0.0,0.0
1.101151943206787,0.0,0.0,0.0,0.0,0.0
1.101224660873413,0.0,0.0,0.0,0.0,0.0
1.1171824932098389,0.0,0.0,0.0,0.0,0.0
1.1173889636993408,0.0,0.0,0.0,0.0,0.0
1.117520809173584,0.0,0.0,0.0,0.0,0.0
1.117607593536377,0.0,0.0,0.0,0.0,0.0
1.117727518081665,0.0,0.0,0.0,0.0,0.0
1.1178085803985596,0.0,0.0,0.0,0.0,0.0
1.1178827285766602,0.0,0.0,0.0,0.0,0.0
1.117955207824707,0.0,0.0,0.0,0.0,0.0
1.1341526508331299,0.0,0.0,0.0,0.0,0.0
1.1343069076538086,0.0,0.0,0.0,0.0,0.0
1.1344051361083984,0.0,0.0,0.0,0.0,0.0
1.1344859600067139,0.0,0.0,0.0,0.0,0.0
1.1345610618591309,0.0,0.0,0.0,0.0,0.0
1.134634017944336,0.0,0.0,0.0,0.0,0.0
1.1347062587738037,0.0,0.0,0.0,0.0,0.0
1.1347789764404297,0.0,0.0,0.0,0.0,0.0
1.1512377262115479,0.0,0.0,0.0,0.0,0.0
1.1513946056365967,0.0,0.0,0.0,0.0,0.0
1.1514899730682373,0.0,0.0,0.0,0.0,0.0
1.1515698432922363,0.0,0.0,0.0,0.0,0.0
1.1516449451446533,0.0,0.0,0.0,0.0,0.0
1.1517179012298584,0.0,0.0,0.0,0.0,0.0
1.1517906188964844,0.0,0.0,0.0,0.0,0.0
1.1518630981445312,0.0,0.0,0.0,0.0,0.0
1.167842149734497,0.0,0.0,0.0,0.0,0.0
1.167999029159546,0.0,0.0,0.0,0.0,0.0
1.168095350265503,0.0,0.0,0.0,0.0,0.0
1.1681780815124512,0.0,0.0,0.0,0.0,0.0
1.168255090713501,0.0,0.0,0.0,0.0,0.0
1.1683268547058105,0.0,0.0,0.0,0.0,0.0
1.168398380279541,0.0,0.0,0.0,0.0,0.0
1.1684699058532715,0.0,0.0,0.0,0.0,0.0
1.184427261352539,0.0,0.0,0.0,0.0,0.0
1.1845793724060059,0.0,0.0,0.0,0.0,0.0
1.1846773624420166,0.0,0.0,0.0,0.0,0.0
1.1847584247589111,0.0,0.0,0.0,0.0,0.0
1.1848342418670654,0.0,0.0,0.0,0.0,0.0
1.1849076747894287,0.0,0.0,0.0,0.0,0.0
1.1849803924560547,0.0,0.0,0.0,0.0,0.0
1.1850521564483643,0.0,0.0,0.0,0.0,0.0
1.2010746002197266,0.0,0.0,0.0,0.0,0.0
1.2012262344360352,0.0,0.0,0.0,0.0,0.0
1.2013235092163086,0.0,0.0,0.0,0.0,0.0
1.201404333114624,0.0,0.0,0.0,0.0,0.0
1.2014813423156738,0.0,0.0,0.0,0.0,0.0
1.2015554904937744,0.0,0.0,0.0,0.0,0.0
1.2016282081604004,0.0,0.0,0.0,0.0,0.0
1.2017433643341064,0.0,0.0,0.0,0.0,0.0
1.2180891036987305,0.0,0.0,0.0,0.0,0.0
1.2182385921478271,0.0,0.0,0.0,0.0,0.0
1.218332290649414,0.0,0.0,0.0,0.0,0.0
1.2184126377105713,0.0,0.0,0.0,0.0,0.0
1.2184879779815674,0.0,0.0,0.0,0.0,0.0
1.2185652256011963,0.0,0.0,0.0,0.0,0.0
1.2186393737792969,0.0,0.0,0.0,0.0,0.0
1.2187130451202393,0.0,0.0,0.0,0.0,0.0
1.2347562313079834,0.0,0.0,0.0,0.0,0.0
1.23490571975708,0.0,0.0,0.0,0.0,0.0
1.2350032329559326,0.0,0.0,0.0,0.0,0.0
1.235083818435669,0.0,0.0,0.0,0.0,0.0
1.2351584434509277,0.0,0.0,0.0,0.0,0.0
1.2352309226989746,0.0,0.0,0.0,0.0,0.0
1.235302448272705,0.0,0.0,0.0,0.0,0.0
1.2353742122650146,0.0,0.0,0.0,0.0,0.0
1.2510185241699219,0.0,0.0,0.0,0.0,0.0
1.2511682510375977,0.0,0.0,0.0,0.0,0.0
1.251267671585083,0.0,0.0,0.0,0.0,0.0
1.2513506412506104,0.0,0.0,0.0,0.0,0.0
1.2514266967773438,0.0,0.0,0.0,0.0,0.0
1.251499891281128,0.0,0.0,0.0,0.0,0.0
1.2515716552734375,0.0,0.0,0.0,0.0,0.0
1.251643419265747,0.0,0.0,0.0,0.0,0.0
1.2675812244415283,0.0,0.0,0.0,0.0,0.0
1.2677288055419922,0.0,0.0,0.0,0.0,0.0
1.2678265571594238,0.0,0.0,0.0,0.0,0.0
1.2679097652435303,0.0,0.0,0.0,0.0,0.0
1.2679862976074219,0.0,0.0,0.0,0.0,0.0
1.2680606842041016,0.0,0.0,0.0,0.0,0.0
1.2681338787078857,0.0,0.0,0.0,0.0,0.0
1.2682077884674072,0.0,0.0,0.0,0.0,0.0
1.2844066619873047,0.0,0.0,0.0,0.0,0.0
1.2845728397369385,0.0,0.0,0.0,0.0,0.0
1.284668207168579,0.0,0.0,0.0,0.0,0.0
1.284747838973999,0.0,0.0,0.0,0.0,0.0
1.2848217487335205,0.0,0.0,0.0,0.0,0.0
1.284895420074463,0.0,0.0,0.0,0.0,0.0
1.2849671840667725,0.0,0.0,0.0,0.0,0.0
1.285038709640503,0.0,0.0,0.0,0.0,0.0
1.3011066913604736,0.0,0.0,0.0,0.0,0.0
1.3012573719024658,0.0,0.0,0.0,0.0,0.0
1.3013529777526855,0.0,0.0,0.0,0.0,0.0
1.3014352321624756,0.0,0.0,0.0,0.0,0.0
1.301511287689209,0.0,0.0,0.0,0.0,0.0
1.3015847206115723,0.0,0.0,0.0,0.0,0.0
1.301698923110962,0.0,0.0,0.0,0.0,0.0
1.301793098449707,0.0,0.0,0.0,0.0,0.0
1.3177223205566406,0.0,0.0,0.0,0.0,0.0
1.3178703784942627,0.0,0.0,0.0,0.0,0.0
1.317969799041748,0.0,0.0,0.0,0.0,0.0
1.3180551528930664,0.0,0.0,0.0,0.0,0.0
1.31813383102417,0.0,0.0,0.0,0.0,0.0
1.3182086944580078,0.0,0.0,0.0,0.0,0.0
1.3182814121246338,0.0,0.0,0.0,0.0,0.0
1.3183536529541016,0.0,0.0,0.0,0.0,0.0
1.3345832824707031,0.0,0.0,0.0,0.0,0.0
1.334740161895752,0.0,0.0,0.0,0.0,0.0
1.3348374366760254,0.0,0.0,0.0,0.0,0.0
1.3349487781524658,0.0,0.0,0.0,0.0,0.0
1.3350403308868408,0.0,0.0,0.0,0.0,0.0
1.335118293762207,0.0,0.0,0.0,0.0,0.0
1.3352203369140625,0.0,0.0,0.0,0.0,0.0
1.3353188037872314,0.0,0.0,0.0,0.0,0.0
1.3519260883331299,0.0,0.0,0.0,0.0,0.0
1.352088212966919,0.0,0.0,0.0,0.0,0.0
1.3521852493286133,0.0,0.0,0.0,0.0,0.0
1.3522670269012451,0.0,0.0,0.0,0.0,0.0
1.3523426055908203,0.0,0.0,0.0,0.0,0.0
1.3524160385131836,0.0,0.0,0.0,0.0,0.0
1.3524882793426514,0.0,0.0,0.0,0.0,0.0
1.352560043334961,0.0,0.0,0.0,0.0,0.0
1.3675298690795898,0.0,0.0,0.0,0.0,0.0
1.3675720691680908,0.0,0.0,0.0,0.0,0.0
1.3675909042358398,0.0,0.0,0.0,0.0,0.0
1.3676068782806396,0.0,0.0,0.0,0.0,0.0
1.3676214218139648,0.0,0.0,0.0,0.0,0.0
1.367635726928711,0.0,0.0,0.0,0.0,0.0
1.367650032043457,0.0,0.0,0.0,0.0,0.0
1.3676643371582031,0.0,0.0,0.0,0.0,0.0
1.3837664127349854,0.0,0.0,0.0,0.0,0.0
1.383807897567749,0.0,0.0,0.0,0.0,0.0
1.3838324546813965,0.0,0.0,0.0,0.0,0.0
1.3838531970977783,0.0,0.0,0.0,0.0,0.0
1.3838720321655273,0.0,0.0,0.0,0.0,0.0
1.3838908672332764,0.0,0.0,0.0,0.0,0.0
1.3839092254638672,0.0,0.0,0.0,0.0,0.0
1.383927583694458,0.0,0.0,0.0,0.0,0.0
1.400468111038208,0.0,0.0,0.0,0.0,0.0
1.4005253314971924,0.0,0.0,0.0,0.0,0.0
1.4005589485168457,0.0,0.0,0.0,0.0,0.0
1.4005873203277588,0.0,0.0,0.0,0.0,0.0
1.4006142616271973,0.0,0.0,0.0,0.0,0.0
1.4006409645080566,0.0,0.0,0.0,0.0,0.0
1.400667428970337,0.0,0.0,0.0,0.0,0.0
1.4006931781768799,0.0,0.0,0.0,0.0,0.0
1.4173247814178467,0.0,0.0,0.0,0.0,0.0
1.417454481124878,0.0,0.0,0.0,0.0,0.0
1.4175281524658203,0.0,0.0,0.0,0.0,0.0
1.4175896644592285,0.0,0.0,0.0,0.0,0.0
1.4176678657531738,0.0,0.0,0.0,0.0,0.0
1.4177324771881104,0.0,0.0,0.0,0.0,0.0
1.4177899360656738,0.0,0.0,0.0,0.0,0.0
1.4178459644317627,0.0,0.0,0.0,0.0,0.0
